Source,Category,Date Range,Geo,Question Seed,Question Query,Indexed Searches within Question Seed,Rising,Is question
"https://trends.google.com/trends/explore?date=2020-01-15%202020-03-04&q=Coronavirus%20what%20-where%20-how,coronavirus%20where%20-what%20-how,coronavirus%20is%20-what%20-where%20-how,coronavirus%20how%20-what%20-where,coronavirus%20do%20-where%20-what%20-how%20-brasil%20-sintomas%20%20-noticias%20-previs%C3%A3o%20-origem%20-cura%20-causa%20-que",All categories,1/15/20 - 3/4/20,Worldwide,what,what is coronavirus,100,,yes
"https://trends.google.com/trends/explore?date=2020-01-15%202020-03-04&q=Coronavirus%20what%20-where%20-how,coronavirus%20where%20-what%20-how,coronavirus%20is%20-what%20-where%20-how,coronavirus%20how%20-what%20-where,coronavirus%20do%20-where%20-what%20-how%20-brasil%20-sintomas%20%20-noticias%20-previs%C3%A3o%20-origem%20-cura%20-causa%20-que",All categories,1/15/20 - 3/4/20,Worldwide,what,what the coronavirus,74,,yes
"https://trends.google.com/trends/explore?date=2020-01-15%202020-03-04&q=Coronavirus%20what%20-where%20-how,coronavirus%20where%20-what%20-how,coronavirus%20is%20-what%20-where%20-how,coronavirus%20how%20-what%20-where,coronavirus%20do%20-where%20-what%20-how%20-brasil%20-sintomas%20%20-noticias%20-previs%C3%A3o%20-origem%20-cura%20-causa%20-que",All categories,1/15/20 - 3/4/20,Worldwide,what,what is the coronavirus,43,,yes
"https://trends.google.com/trends/explore?date=2020-01-15%202020-03-04&q=Coronavirus%20what%20-where%20-how,coronavirus%20where%20-what%20-how,coronavirus%20is%20-what%20-where%20-how,coronavirus%20how%20-what%20-where,coronavirus%20do%20-where%20-what%20-how%20-brasil%20-sintomas%20%20-noticias%20-previs%C3%A3o%20-origem%20-cura%20-causa%20-que",All categories,1/15/20 - 3/4/20,Worldwide,what,what symptoms of coronavirus,15,,yes
"https://trends.google.com/trends/explore?date=2020-01-15%202020-03-04&q=Coronavirus%20what%20-where%20-how,coronavirus%20where%20-what%20-how,coronavirus%20is%20-what%20-where%20-how,coronavirus%20how%20-what%20-where,coronavirus%20do%20-where%20-what%20-how%20-brasil%20-sintomas%20%20-noticias%20-previs%C3%A3o%20-origem%20-cura%20-causa%20-que",All categories,1/15/20 - 3/4/20,Worldwide,what,what are coronavirus symptoms,13,,yes
"https://trends.google.com/trends/explore?date=2020-01-15%202020-03-04&q=Coronavirus%20what%20-where%20-how,coronavirus%20where%20-what%20-how,coronavirus%20is%20-what%20-where%20-how,coronavirus%20how%20-what%20-where,coronavirus%20do%20-where%20-what%20-how%20-brasil%20-sintomas%20%20-noticias%20-previs%C3%A3o%20-origem%20-cura%20-causa%20-que",All categories,1/15/20 - 3/4/20,Worldwide,what,what is coronavirus virus,11,,yes
"https://trends.google.com/trends/explore?date=2020-01-15%202020-03-04&q=Coronavirus%20what%20-where%20-how,coronavirus%20where%20-what%20-how,coronavirus%20is%20-what%20-where%20-how,coronavirus%20how%20-what%20-where,coronavirus%20do%20-where%20-what%20-how%20-brasil%20-sintomas%20%20-noticias%20-previs%C3%A3o%20-origem%20-cura%20-causa%20-que",All categories,1/15/20 - 3/4/20,Worldwide,what,what are symptoms of coronavirus,11,,yes
"https://trends.google.com/trends/explore?date=2020-01-15%202020-03-04&q=Coronavirus%20what%20-where%20-how,coronavirus%20where%20-what%20-how,coronavirus%20is%20-what%20-where%20-how,coronavirus%20how%20-what%20-where,coronavirus%20do%20-where%20-what%20-how%20-brasil%20-sintomas%20%20-noticias%20-previs%C3%A3o%20-origem%20-cura%20-causa%20-que",All categories,1/15/20 - 3/4/20,Worldwide,what,what are the symptoms coronavirus,11,,yes
"https://trends.google.com/trends/explore?date=2020-01-15%202020-03-04&q=Coronavirus%20what%20-where%20-how,coronavirus%20where%20-what%20-how,coronavirus%20is%20-what%20-where%20-how,coronavirus%20how%20-what%20-where,coronavirus%20do%20-where%20-what%20-how%20-brasil%20-sintomas%20%20-noticias%20-previs%C3%A3o%20-origem%20-cura%20-causa%20-que",All categories,1/15/20 - 3/4/20,Worldwide,what,what is a coronavirus,11,,yes
"https://trends.google.com/trends/explore?date=2020-01-15%202020-03-04&q=Coronavirus%20what%20-where%20-how,coronavirus%20where%20-what%20-how,coronavirus%20is%20-what%20-where%20-how,coronavirus%20how%20-what%20-where,coronavirus%20do%20-where%20-what%20-how%20-brasil%20-sintomas%20%20-noticias%20-previs%C3%A3o%20-origem%20-cura%20-causa%20-que",All categories,1/15/20 - 3/4/20,Worldwide,what,what are the symptoms of coronavirus,10,,yes
"https://trends.google.com/trends/explore?date=2020-01-15%202020-03-04&q=Coronavirus%20what%20-where%20-how,coronavirus%20where%20-what%20-how,coronavirus%20is%20-what%20-where%20-how,coronavirus%20how%20-what%20-where,coronavirus%20do%20-where%20-what%20-how%20-brasil%20-sintomas%20%20-noticias%20-previs%C3%A3o%20-origem%20-cura%20-causa%20-que",All categories,1/15/20 - 3/4/20,Worldwide,what,what are the symptoms of the coronavirus,10,,yes
"https://trends.google.com/trends/explore?date=2020-01-15%202020-03-04&q=Coronavirus%20what%20-where%20-how,coronavirus%20where%20-what%20-how,coronavirus%20is%20-what%20-where%20-how,coronavirus%20how%20-what%20-where,coronavirus%20do%20-where%20-what%20-how%20-brasil%20-sintomas%20%20-noticias%20-previs%C3%A3o%20-origem%20-cura%20-causa%20-que",All categories,1/15/20 - 3/4/20,Worldwide,what,what is corona,8,,yes
"https://trends.google.com/trends/explore?date=2020-01-15%202020-03-04&q=Coronavirus%20what%20-where%20-how,coronavirus%20where%20-what%20-how,coronavirus%20is%20-what%20-where%20-how,coronavirus%20how%20-what%20-where,coronavirus%20do%20-where%20-what%20-how%20-brasil%20-sintomas%20%20-noticias%20-previs%C3%A3o%20-origem%20-cura%20-causa%20-que",All categories,1/15/20 - 3/4/20,Worldwide,what,what is coronavirus symptoms,8,,yes
"https://trends.google.com/trends/explore?date=2020-01-15%202020-03-04&q=Coronavirus%20what%20-where%20-how,coronavirus%20where%20-what%20-how,coronavirus%20is%20-what%20-where%20-how,coronavirus%20how%20-what%20-where,coronavirus%20do%20-where%20-what%20-how%20-brasil%20-sintomas%20%20-noticias%20-previs%C3%A3o%20-origem%20-cura%20-causa%20-que",All categories,1/15/20 - 3/4/20,Worldwide,what,what is coronavirus china,7,,yes
"https://trends.google.com/trends/explore?date=2020-01-15%202020-03-04&q=Coronavirus%20what%20-where%20-how,coronavirus%20where%20-what%20-how,coronavirus%20is%20-what%20-where%20-how,coronavirus%20how%20-what%20-where,coronavirus%20do%20-where%20-what%20-how%20-brasil%20-sintomas%20%20-noticias%20-previs%C3%A3o%20-origem%20-cura%20-causa%20-que",All categories,1/15/20 - 3/4/20,Worldwide,what,what are coronavirus symptoms,,Breakout,yes
"https://trends.google.com/trends/explore?date=2020-01-15%202020-03-04&q=Coronavirus%20what%20-where%20-how,coronavirus%20where%20-what%20-how,coronavirus%20is%20-what%20-where%20-how,coronavirus%20how%20-what%20-where,coronavirus%20do%20-where%20-what%20-how%20-brasil%20-sintomas%20%20-noticias%20-previs%C3%A3o%20-origem%20-cura%20-causa%20-que",All categories,1/15/20 - 3/4/20,Worldwide,what,what are symptoms of coronavirus,,Breakout,yes
"https://trends.google.com/trends/explore?date=2020-01-15%202020-03-04&q=Coronavirus%20what%20-where%20-how,coronavirus%20where%20-what%20-how,coronavirus%20is%20-what%20-where%20-how,coronavirus%20how%20-what%20-where,coronavirus%20do%20-where%20-what%20-how%20-brasil%20-sintomas%20%20-noticias%20-previs%C3%A3o%20-origem%20-cura%20-causa%20-que",All categories,1/15/20 - 3/4/20,Worldwide,what,what are the symptoms coronavirus,,Breakout,yes
"https://trends.google.com/trends/explore?date=2020-01-15%202020-03-04&q=Coronavirus%20what%20-where%20-how,coronavirus%20where%20-what%20-how,coronavirus%20is%20-what%20-where%20-how,coronavirus%20how%20-what%20-where,coronavirus%20do%20-where%20-what%20-how%20-brasil%20-sintomas%20%20-noticias%20-previs%C3%A3o%20-origem%20-cura%20-causa%20-que",All categories,1/15/20 - 3/4/20,Worldwide,what,what are the symptoms of coronavirus,,Breakout,yes
"https://trends.google.com/trends/explore?date=2020-01-15%202020-03-04&q=Coronavirus%20what%20-where%20-how,coronavirus%20where%20-what%20-how,coronavirus%20is%20-what%20-where%20-how,coronavirus%20how%20-what%20-where,coronavirus%20do%20-where%20-what%20-how%20-brasil%20-sintomas%20%20-noticias%20-previs%C3%A3o%20-origem%20-cura%20-causa%20-que",All categories,1/15/20 - 3/4/20,Worldwide,what,what are the symptoms of the coronavirus,,Breakout,yes
"https://trends.google.com/trends/explore?date=2020-01-15%202020-03-04&q=Coronavirus%20what%20-where%20-how,coronavirus%20where%20-what%20-how,coronavirus%20is%20-what%20-where%20-how,coronavirus%20how%20-what%20-where,coronavirus%20do%20-where%20-what%20-how%20-brasil%20-sintomas%20%20-noticias%20-previs%C3%A3o%20-origem%20-cura%20-causa%20-que",All categories,1/15/20 - 3/4/20,Worldwide,what,what is corona,,Breakout,yes
"https://trends.google.com/trends/explore?date=2020-01-15%202020-03-04&q=Coronavirus%20what%20-where%20-how,coronavirus%20where%20-what%20-how,coronavirus%20is%20-what%20-where%20-how,coronavirus%20how%20-what%20-where,coronavirus%20do%20-where%20-what%20-how%20-brasil%20-sintomas%20%20-noticias%20-previs%C3%A3o%20-origem%20-cura%20-causa%20-que",All categories,1/15/20 - 3/4/20,Worldwide,what,what is coronavirus symptoms,,Breakout,yes
"https://trends.google.com/trends/explore?date=2020-01-15%202020-03-04&q=Coronavirus%20what%20-where%20-how,coronavirus%20where%20-what%20-how,coronavirus%20is%20-what%20-where%20-how,coronavirus%20how%20-what%20-where,coronavirus%20do%20-where%20-what%20-how%20-brasil%20-sintomas%20%20-noticias%20-previs%C3%A3o%20-origem%20-cura%20-causa%20-que",All categories,1/15/20 - 3/4/20,Worldwide,what,what is coronavirus china,,Breakout,yes
"https://trends.google.com/trends/explore?date=2020-01-15%202020-03-04&q=Coronavirus%20what%20-where%20-how,coronavirus%20where%20-what%20-how,coronavirus%20is%20-what%20-where%20-how,coronavirus%20how%20-what%20-where,coronavirus%20do%20-where%20-what%20-how%20-brasil%20-sintomas%20%20-noticias%20-previs%C3%A3o%20-origem%20-cura%20-causa%20-que",All categories,1/15/20 - 3/4/20,Worldwide,what,what is corona virus,,Breakout,yes
"https://trends.google.com/trends/explore?date=2020-01-15%202020-03-04&q=Coronavirus%20what%20-where%20-how,coronavirus%20where%20-what%20-how,coronavirus%20is%20-what%20-where%20-how,coronavirus%20how%20-what%20-where,coronavirus%20do%20-where%20-what%20-how%20-brasil%20-sintomas%20%20-noticias%20-previs%C3%A3o%20-origem%20-cura%20-causa%20-que",All categories,1/15/20 - 3/4/20,Worldwide,what,what is the coronavirus virus,,Breakout,yes
"https://trends.google.com/trends/explore?date=2020-01-15%202020-03-04&q=Coronavirus%20what%20-where%20-how,coronavirus%20where%20-what%20-how,coronavirus%20is%20-what%20-where%20-how,coronavirus%20how%20-what%20-where,coronavirus%20do%20-where%20-what%20-how%20-brasil%20-sintomas%20%20-noticias%20-previs%C3%A3o%20-origem%20-cura%20-causa%20-que",All categories,1/15/20 - 3/4/20,Worldwide,what,what caused coronavirus,,Breakout,yes
"https://trends.google.com/trends/explore?date=2020-01-15%202020-03-04&q=Coronavirus%20what%20-where%20-how,coronavirus%20where%20-what%20-how,coronavirus%20is%20-what%20-where%20-how,coronavirus%20how%20-what%20-where,coronavirus%20do%20-where%20-what%20-how%20-brasil%20-sintomas%20%20-noticias%20-previs%C3%A3o%20-origem%20-cura%20-causa%20-que",All categories,1/15/20 - 3/4/20,Worldwide,what,what does coronavirus do,,Breakout,yes
"https://trends.google.com/trends/explore?date=2020-01-15%202020-03-04&q=Coronavirus%20what%20-where%20-how,coronavirus%20where%20-what%20-how,coronavirus%20is%20-what%20-where%20-how,coronavirus%20how%20-what%20-where,coronavirus%20do%20-where%20-what%20-how%20-brasil%20-sintomas%20%20-noticias%20-previs%C3%A3o%20-origem%20-cura%20-causa%20-que",All categories,1/15/20 - 3/4/20,Worldwide,what,what is the coronavirus symptoms,,Breakout,yes
"https://trends.google.com/trends/explore?date=2020-01-15%202020-03-04&q=Coronavirus%20what%20-where%20-how,coronavirus%20where%20-what%20-how,coronavirus%20is%20-what%20-where%20-how,coronavirus%20how%20-what%20-where,coronavirus%20do%20-where%20-what%20-how%20-brasil%20-sintomas%20%20-noticias%20-previs%C3%A3o%20-origem%20-cura%20-causa%20-que",All categories,1/15/20 - 3/4/20,Worldwide,what,what does coronavirus mean,,Breakout,yes
"https://trends.google.com/trends/explore?date=2020-01-15%202020-03-04&q=Coronavirus%20what%20-where%20-how,coronavirus%20where%20-what%20-how,coronavirus%20is%20-what%20-where%20-how,coronavirus%20how%20-what%20-where,coronavirus%20do%20-where%20-what%20-how%20-brasil%20-sintomas%20%20-noticias%20-previs%C3%A3o%20-origem%20-cura%20-causa%20-que",All categories,1/15/20 - 3/4/20,Worldwide,where,where is coronavirus,85,,Yes
"https://trends.google.com/trends/explore?date=2020-01-15%202020-03-04&q=Coronavirus%20what%20-where%20-how,coronavirus%20where%20-what%20-how,coronavirus%20is%20-what%20-where%20-how,coronavirus%20how%20-what%20-where,coronavirus%20do%20-where%20-what%20-how%20-brasil%20-sintomas%20%20-noticias%20-previs%C3%A3o%20-origem%20-cura%20-causa%20-que",All categories,1/15/20 - 3/4/20,Worldwide,where,where is the coronavirus,51,,Yes
"https://trends.google.com/trends/explore?date=2020-01-15%202020-03-04&q=Coronavirus%20what%20-where%20-how,coronavirus%20where%20-what%20-how,coronavirus%20is%20-what%20-where%20-how,coronavirus%20how%20-what%20-where,coronavirus%20do%20-where%20-what%20-how%20-brasil%20-sintomas%20%20-noticias%20-previs%C3%A3o%20-origem%20-cura%20-causa%20-que",All categories,1/15/20 - 3/4/20,Worldwide,where,where coronavirus come from,38,,Yes
"https://trends.google.com/trends/explore?date=2020-01-15%202020-03-04&q=Coronavirus%20what%20-where%20-how,coronavirus%20where%20-what%20-how,coronavirus%20is%20-what%20-where%20-how,coronavirus%20how%20-what%20-where,coronavirus%20do%20-where%20-what%20-how%20-brasil%20-sintomas%20%20-noticias%20-previs%C3%A3o%20-origem%20-cura%20-causa%20-que",All categories,1/15/20 - 3/4/20,Worldwide,where,where did coronavirus come from,28,,Yes
"https://trends.google.com/trends/explore?date=2020-01-15%202020-03-04&q=Coronavirus%20what%20-where%20-how,coronavirus%20where%20-what%20-how,coronavirus%20is%20-what%20-where%20-how,coronavirus%20how%20-what%20-where,coronavirus%20do%20-where%20-what%20-how%20-brasil%20-sintomas%20%20-noticias%20-previs%C3%A3o%20-origem%20-cura%20-causa%20-que",All categories,1/15/20 - 3/4/20,Worldwide,where,where did the coronavirus,27,,Yes
"https://trends.google.com/trends/explore?date=2020-01-15%202020-03-04&q=Coronavirus%20what%20-where%20-how,coronavirus%20where%20-what%20-how,coronavirus%20is%20-what%20-where%20-how,coronavirus%20how%20-what%20-where,coronavirus%20do%20-where%20-what%20-how%20-brasil%20-sintomas%20%20-noticias%20-previs%C3%A3o%20-origem%20-cura%20-causa%20-que",All categories,1/15/20 - 3/4/20,Worldwide,where,where the coronavirus come from,16,,Yes
"https://trends.google.com/trends/explore?date=2020-01-15%202020-03-04&q=Coronavirus%20what%20-where%20-how,coronavirus%20where%20-what%20-how,coronavirus%20is%20-what%20-where%20-how,coronavirus%20how%20-what%20-where,coronavirus%20do%20-where%20-what%20-how%20-brasil%20-sintomas%20%20-noticias%20-previs%C3%A3o%20-origem%20-cura%20-causa%20-que",All categories,1/15/20 - 3/4/20,Worldwide,where,where did coronavirus originate,14,,Yes
"https://trends.google.com/trends/explore?date=2020-01-15%202020-03-04&q=Coronavirus%20what%20-where%20-how,coronavirus%20where%20-what%20-how,coronavirus%20is%20-what%20-where%20-how,coronavirus%20how%20-what%20-where,coronavirus%20do%20-where%20-what%20-how%20-brasil%20-sintomas%20%20-noticias%20-previs%C3%A3o%20-origem%20-cura%20-causa%20-que",All categories,1/15/20 - 3/4/20,Worldwide,where,where did the coronavirus come from,13,,Yes
"https://trends.google.com/trends/explore?date=2020-01-15%202020-03-04&q=Coronavirus%20what%20-where%20-how,coronavirus%20where%20-what%20-how,coronavirus%20is%20-what%20-where%20-how,coronavirus%20how%20-what%20-where,coronavirus%20do%20-where%20-what%20-how%20-brasil%20-sintomas%20%20-noticias%20-previs%C3%A3o%20-origem%20-cura%20-causa%20-que",All categories,1/15/20 - 3/4/20,Worldwide,where,where coronavirus in usa,11,,Yes
"https://trends.google.com/trends/explore?date=2020-01-15%202020-03-04&q=Coronavirus%20what%20-where%20-how,coronavirus%20where%20-what%20-how,coronavirus%20is%20-what%20-where%20-how,coronavirus%20how%20-what%20-where,coronavirus%20do%20-where%20-what%20-how%20-brasil%20-sintomas%20%20-noticias%20-previs%C3%A3o%20-origem%20-cura%20-causa%20-que",All categories,1/15/20 - 3/4/20,Worldwide,where,where did coronavirus start,11,,Yes
"https://trends.google.com/trends/explore?date=2020-01-15%202020-03-04&q=Coronavirus%20what%20-where%20-how,coronavirus%20where%20-what%20-how,coronavirus%20is%20-what%20-where%20-how,coronavirus%20how%20-what%20-where,coronavirus%20do%20-where%20-what%20-how%20-brasil%20-sintomas%20%20-noticias%20-previs%C3%A3o%20-origem%20-cura%20-causa%20-que",All categories,1/15/20 - 3/4/20,Worldwide,where,where is coronavirus,,Breakout,Yes
"https://trends.google.com/trends/explore?date=2020-01-15%202020-03-04&q=Coronavirus%20what%20-where%20-how,coronavirus%20where%20-what%20-how,coronavirus%20is%20-what%20-where%20-how,coronavirus%20how%20-what%20-where,coronavirus%20do%20-where%20-what%20-how%20-brasil%20-sintomas%20%20-noticias%20-previs%C3%A3o%20-origem%20-cura%20-causa%20-que",All categories,1/15/20 - 3/4/20,Worldwide,where,where is the coronavirus,,Breakout,Yes
"https://trends.google.com/trends/explore?date=2020-01-15%202020-03-04&q=Coronavirus%20what%20-where%20-how,coronavirus%20where%20-what%20-how,coronavirus%20is%20-what%20-where%20-how,coronavirus%20how%20-what%20-where,coronavirus%20do%20-where%20-what%20-how%20-brasil%20-sintomas%20%20-noticias%20-previs%C3%A3o%20-origem%20-cura%20-causa%20-que",All categories,1/15/20 - 3/4/20,Worldwide,where,where coronavirus come from,,Breakout,Yes
"https://trends.google.com/trends/explore?date=2020-01-15%202020-03-04&q=Coronavirus%20what%20-where%20-how,coronavirus%20where%20-what%20-how,coronavirus%20is%20-what%20-where%20-how,coronavirus%20how%20-what%20-where,coronavirus%20do%20-where%20-what%20-how%20-brasil%20-sintomas%20%20-noticias%20-previs%C3%A3o%20-origem%20-cura%20-causa%20-que",All categories,1/15/20 - 3/4/20,Worldwide,where,where did coronavirus come from,,Breakout,Yes
"https://trends.google.com/trends/explore?date=2020-01-15%202020-03-04&q=Coronavirus%20what%20-where%20-how,coronavirus%20where%20-what%20-how,coronavirus%20is%20-what%20-where%20-how,coronavirus%20how%20-what%20-where,coronavirus%20do%20-where%20-what%20-how%20-brasil%20-sintomas%20%20-noticias%20-previs%C3%A3o%20-origem%20-cura%20-causa%20-que",All categories,1/15/20 - 3/4/20,Worldwide,where,where did the coronavirus,,Breakout,Yes
"https://trends.google.com/trends/explore?date=2020-01-15%202020-03-04&q=Coronavirus%20what%20-where%20-how,coronavirus%20where%20-what%20-how,coronavirus%20is%20-what%20-where%20-how,coronavirus%20how%20-what%20-where,coronavirus%20do%20-where%20-what%20-how%20-brasil%20-sintomas%20%20-noticias%20-previs%C3%A3o%20-origem%20-cura%20-causa%20-que",All categories,1/15/20 - 3/4/20,Worldwide,where,where the coronavirus come from,,Breakout,Yes
"https://trends.google.com/trends/explore?date=2020-01-15%202020-03-04&q=Coronavirus%20what%20-where%20-how,coronavirus%20where%20-what%20-how,coronavirus%20is%20-what%20-where%20-how,coronavirus%20how%20-what%20-where,coronavirus%20do%20-where%20-what%20-how%20-brasil%20-sintomas%20%20-noticias%20-previs%C3%A3o%20-origem%20-cura%20-causa%20-que",All categories,1/15/20 - 3/4/20,Worldwide,where,where did coronavirus originate,,Breakout,Yes
"https://trends.google.com/trends/explore?date=2020-01-15%202020-03-04&q=Coronavirus%20what%20-where%20-how,coronavirus%20where%20-what%20-how,coronavirus%20is%20-what%20-where%20-how,coronavirus%20how%20-what%20-where,coronavirus%20do%20-where%20-what%20-how%20-brasil%20-sintomas%20%20-noticias%20-previs%C3%A3o%20-origem%20-cura%20-causa%20-que",All categories,1/15/20 - 3/4/20,Worldwide,where,where did the coronavirus come from,,Breakout,Yes
"https://trends.google.com/trends/explore?date=2020-01-15%202020-03-04&q=Coronavirus%20what%20-where%20-how,coronavirus%20where%20-what%20-how,coronavirus%20is%20-what%20-where%20-how,coronavirus%20how%20-what%20-where,coronavirus%20do%20-where%20-what%20-how%20-brasil%20-sintomas%20%20-noticias%20-previs%C3%A3o%20-origem%20-cura%20-causa%20-que",All categories,1/15/20 - 3/4/20,Worldwide,where,where coronavirus in usa,,Breakout,Yes
"https://trends.google.com/trends/explore?date=2020-01-15%202020-03-04&q=Coronavirus%20what%20-where%20-how,coronavirus%20where%20-what%20-how,coronavirus%20is%20-what%20-where%20-how,coronavirus%20how%20-what%20-where,coronavirus%20do%20-where%20-what%20-how%20-brasil%20-sintomas%20%20-noticias%20-previs%C3%A3o%20-origem%20-cura%20-causa%20-que",All categories,1/15/20 - 3/4/20,Worldwide,where,where did coronavirus start,,Breakout,Yes
"https://trends.google.com/trends/explore?date=2020-01-15%202020-03-04&q=Coronavirus%20what%20-where%20-how,coronavirus%20where%20-what%20-how,coronavirus%20is%20-what%20-where%20-how,coronavirus%20how%20-what%20-where,coronavirus%20do%20-where%20-what%20-how%20-brasil%20-sintomas%20%20-noticias%20-previs%C3%A3o%20-origem%20-cura%20-causa%20-que",All categories,1/15/20 - 3/4/20,Worldwide,is,is the coronavirus,100,,Yes
"https://trends.google.com/trends/explore?date=2020-01-15%202020-03-04&q=Coronavirus%20what%20-where%20-how,coronavirus%20where%20-what%20-how,coronavirus%20is%20-what%20-where%20-how,coronavirus%20how%20-what%20-where,coronavirus%20do%20-where%20-what%20-how%20-brasil%20-sintomas%20%20-noticias%20-previs%C3%A3o%20-origem%20-cura%20-causa%20-que",All categories,1/15/20 - 3/4/20,Worldwide,is,is coronavirus deadly,16,,Yes
"https://trends.google.com/trends/explore?date=2020-01-15%202020-03-04&q=Coronavirus%20what%20-where%20-how,coronavirus%20where%20-what%20-how,coronavirus%20is%20-what%20-where%20-how,coronavirus%20how%20-what%20-where,coronavirus%20do%20-where%20-what%20-how%20-brasil%20-sintomas%20%20-noticias%20-previs%C3%A3o%20-origem%20-cura%20-causa%20-que",All categories,1/15/20 - 3/4/20,Worldwide,is,is there a coronavirus cure,11,,Yes
"https://trends.google.com/trends/explore?date=2020-01-15%202020-03-04&q=Coronavirus%20what%20-where%20-how,coronavirus%20where%20-what%20-how,coronavirus%20is%20-what%20-where%20-how,coronavirus%20how%20-what%20-where,coronavirus%20do%20-where%20-what%20-how%20-brasil%20-sintomas%20%20-noticias%20-previs%C3%A3o%20-origem%20-cura%20-causa%20-que",All categories,1/15/20 - 3/4/20,Worldwide,is,is there cure for coronavirus,10,,Yes
"https://trends.google.com/trends/explore?date=2020-01-15%202020-03-04&q=Coronavirus%20what%20-where%20-how,coronavirus%20where%20-what%20-how,coronavirus%20is%20-what%20-where%20-how,coronavirus%20how%20-what%20-where,coronavirus%20do%20-where%20-what%20-how%20-brasil%20-sintomas%20%20-noticias%20-previs%C3%A3o%20-origem%20-cura%20-causa%20-que",All categories,1/15/20 - 3/4/20,Worldwide,is,is coronavirus new,9,,Yes
"https://trends.google.com/trends/explore?date=2020-01-15%202020-03-04&q=Coronavirus%20what%20-where%20-how,coronavirus%20where%20-what%20-how,coronavirus%20is%20-what%20-where%20-how,coronavirus%20how%20-what%20-where,coronavirus%20do%20-where%20-what%20-how%20-brasil%20-sintomas%20%20-noticias%20-previs%C3%A3o%20-origem%20-cura%20-causa%20-que",All categories,1/15/20 - 3/4/20,Worldwide,is,is coronavirus airborne,9,,Yes
"https://trends.google.com/trends/explore?date=2020-01-15%202020-03-04&q=Coronavirus%20what%20-where%20-how,coronavirus%20where%20-what%20-how,coronavirus%20is%20-what%20-where%20-how,coronavirus%20how%20-what%20-where,coronavirus%20do%20-where%20-what%20-how%20-brasil%20-sintomas%20%20-noticias%20-previs%C3%A3o%20-origem%20-cura%20-causa%20-que",All categories,1/15/20 - 3/4/20,Worldwide,is,is coronavirus the flu,9,,Yes
"https://trends.google.com/trends/explore?date=2020-01-15%202020-03-04&q=Coronavirus%20what%20-where%20-how,coronavirus%20where%20-what%20-how,coronavirus%20is%20-what%20-where%20-how,coronavirus%20how%20-what%20-where,coronavirus%20do%20-where%20-what%20-how%20-brasil%20-sintomas%20%20-noticias%20-previs%C3%A3o%20-origem%20-cura%20-causa%20-que",All categories,1/15/20 - 3/4/20,Worldwide,is,is there a cure for coronavirus,9,,Yes
"https://trends.google.com/trends/explore?date=2020-01-15%202020-03-04&q=Coronavirus%20what%20-where%20-how,coronavirus%20where%20-what%20-how,coronavirus%20is%20-what%20-where%20-how,coronavirus%20how%20-what%20-where,coronavirus%20do%20-where%20-what%20-how%20-brasil%20-sintomas%20%20-noticias%20-previs%C3%A3o%20-origem%20-cura%20-causa%20-que",All categories,1/15/20 - 3/4/20,Worldwide,is,is coronavirus dangerous,7,,Yes
"https://trends.google.com/trends/explore?date=2020-01-15%202020-03-04&q=Coronavirus%20what%20-where%20-how,coronavirus%20where%20-what%20-how,coronavirus%20is%20-what%20-where%20-how,coronavirus%20how%20-what%20-where,coronavirus%20do%20-where%20-what%20-how%20-brasil%20-sintomas%20%20-noticias%20-previs%C3%A3o%20-origem%20-cura%20-causa%20-que",All categories,1/15/20 - 3/4/20,Worldwide,is,is the coronavirus,,Breakout,Yes
"https://trends.google.com/trends/explore?date=2020-01-15%202020-03-04&q=Coronavirus%20what%20-where%20-how,coronavirus%20where%20-what%20-how,coronavirus%20is%20-what%20-where%20-how,coronavirus%20how%20-what%20-where,coronavirus%20do%20-where%20-what%20-how%20-brasil%20-sintomas%20%20-noticias%20-previs%C3%A3o%20-origem%20-cura%20-causa%20-que",All categories,1/15/20 - 3/4/20,Worldwide,is,is coronavirus deadly,,Breakout,Yes
"https://trends.google.com/trends/explore?date=2020-01-15%202020-03-04&q=Coronavirus%20what%20-where%20-how,coronavirus%20where%20-what%20-how,coronavirus%20is%20-what%20-where%20-how,coronavirus%20how%20-what%20-where,coronavirus%20do%20-where%20-what%20-how%20-brasil%20-sintomas%20%20-noticias%20-previs%C3%A3o%20-origem%20-cura%20-causa%20-que",All categories,1/15/20 - 3/4/20,Worldwide,is,is there a coronavirus cure,,Breakout,Yes
"https://trends.google.com/trends/explore?date=2020-01-15%202020-03-04&q=Coronavirus%20what%20-where%20-how,coronavirus%20where%20-what%20-how,coronavirus%20is%20-what%20-where%20-how,coronavirus%20how%20-what%20-where,coronavirus%20do%20-where%20-what%20-how%20-brasil%20-sintomas%20%20-noticias%20-previs%C3%A3o%20-origem%20-cura%20-causa%20-que",All categories,1/15/20 - 3/4/20,Worldwide,is,is there cure for coronavirus,,Breakout,Yes
"https://trends.google.com/trends/explore?date=2020-01-15%202020-03-04&q=Coronavirus%20what%20-where%20-how,coronavirus%20where%20-what%20-how,coronavirus%20is%20-what%20-where%20-how,coronavirus%20how%20-what%20-where,coronavirus%20do%20-where%20-what%20-how%20-brasil%20-sintomas%20%20-noticias%20-previs%C3%A3o%20-origem%20-cura%20-causa%20-que",All categories,1/15/20 - 3/4/20,Worldwide,is,is coronavirus new,,Breakout,Yes
"https://trends.google.com/trends/explore?date=2020-01-15%202020-03-04&q=Coronavirus%20what%20-where%20-how,coronavirus%20where%20-what%20-how,coronavirus%20is%20-what%20-where%20-how,coronavirus%20how%20-what%20-where,coronavirus%20do%20-where%20-what%20-how%20-brasil%20-sintomas%20%20-noticias%20-previs%C3%A3o%20-origem%20-cura%20-causa%20-que",All categories,1/15/20 - 3/4/20,Worldwide,is,is coronavirus airborne,,Breakout,Yes
"https://trends.google.com/trends/explore?date=2020-01-15%202020-03-04&q=Coronavirus%20what%20-where%20-how,coronavirus%20where%20-what%20-how,coronavirus%20is%20-what%20-where%20-how,coronavirus%20how%20-what%20-where,coronavirus%20do%20-where%20-what%20-how%20-brasil%20-sintomas%20%20-noticias%20-previs%C3%A3o%20-origem%20-cura%20-causa%20-que",All categories,1/15/20 - 3/4/20,Worldwide,is,is coronavirus the flu,,Breakout,Yes
"https://trends.google.com/trends/explore?date=2020-01-15%202020-03-04&q=Coronavirus%20what%20-where%20-how,coronavirus%20where%20-what%20-how,coronavirus%20is%20-what%20-where%20-how,coronavirus%20how%20-what%20-where,coronavirus%20do%20-where%20-what%20-how%20-brasil%20-sintomas%20%20-noticias%20-previs%C3%A3o%20-origem%20-cura%20-causa%20-que",All categories,1/15/20 - 3/4/20,Worldwide,is,is there a cure for coronavirus,,Breakout,Yes
"https://trends.google.com/trends/explore?date=2020-01-15%202020-03-04&q=Coronavirus%20what%20-where%20-how,coronavirus%20where%20-what%20-how,coronavirus%20is%20-what%20-where%20-how,coronavirus%20how%20-what%20-where,coronavirus%20do%20-where%20-what%20-how%20-brasil%20-sintomas%20%20-noticias%20-previs%C3%A3o%20-origem%20-cura%20-causa%20-que",All categories,1/15/20 - 3/4/20,Worldwide,is,is coronavirus dangerous,,Breakout,Yes
"https://trends.google.com/trends/explore?date=2020-01-15%202020-03-04&q=Coronavirus%20what%20-where%20-how,coronavirus%20where%20-what%20-how,coronavirus%20is%20-what%20-where%20-how,coronavirus%20how%20-what%20-where,coronavirus%20do%20-where%20-what%20-how%20-brasil%20-sintomas%20%20-noticias%20-previs%C3%A3o%20-origem%20-cura%20-causa%20-que",All categories,1/15/20 - 3/4/20,Worldwide,is,is the coronavirus deadly,,Breakout,Yes
"https://trends.google.com/trends/explore?date=2020-01-15%202020-03-04&q=Coronavirus%20what%20-where%20-how,coronavirus%20where%20-what%20-how,coronavirus%20is%20-what%20-where%20-how,coronavirus%20how%20-what%20-where,coronavirus%20do%20-where%20-what%20-how%20-brasil%20-sintomas%20%20-noticias%20-previs%C3%A3o%20-origem%20-cura%20-causa%20-que",All categories,1/15/20 - 3/4/20,Worldwide,how,how many have coronavirus,100,,Yes
"https://trends.google.com/trends/explore?date=2020-01-15%202020-03-04&q=Coronavirus%20what%20-where%20-how,coronavirus%20where%20-what%20-how,coronavirus%20is%20-what%20-where%20-how,coronavirus%20how%20-what%20-where,coronavirus%20do%20-where%20-what%20-how%20-brasil%20-sintomas%20%20-noticias%20-previs%C3%A3o%20-origem%20-cura%20-causa%20-que",All categories,1/15/20 - 3/4/20,Worldwide,how,how many coronavirus cases,76,,Yes
"https://trends.google.com/trends/explore?date=2020-01-15%202020-03-04&q=Coronavirus%20what%20-where%20-how,coronavirus%20where%20-what%20-how,coronavirus%20is%20-what%20-where%20-how,coronavirus%20how%20-what%20-where,coronavirus%20do%20-where%20-what%20-how%20-brasil%20-sintomas%20%20-noticias%20-previs%C3%A3o%20-origem%20-cura%20-causa%20-que",All categories,1/15/20 - 3/4/20,Worldwide,how,how many people have coronavirus,73,,Yes
"https://trends.google.com/trends/explore?date=2020-01-15%202020-03-04&q=Coronavirus%20what%20-where%20-how,coronavirus%20where%20-what%20-how,coronavirus%20is%20-what%20-where%20-how,coronavirus%20how%20-what%20-where,coronavirus%20do%20-where%20-what%20-how%20-brasil%20-sintomas%20%20-noticias%20-previs%C3%A3o%20-origem%20-cura%20-causa%20-que",All categories,1/15/20 - 3/4/20,Worldwide,how,how many people died coronavirus,67,,Yes
"https://trends.google.com/trends/explore?date=2020-01-15%202020-03-04&q=Coronavirus%20what%20-where%20-how,coronavirus%20where%20-what%20-how,coronavirus%20is%20-what%20-where%20-how,coronavirus%20how%20-what%20-where,coronavirus%20do%20-where%20-what%20-how%20-brasil%20-sintomas%20%20-noticias%20-previs%C3%A3o%20-origem%20-cura%20-causa%20-que",All categories,1/15/20 - 3/4/20,Worldwide,how,how many died from coronavirus,65,,Yes
"https://trends.google.com/trends/explore?date=2020-01-15%202020-03-04&q=Coronavirus%20what%20-where%20-how,coronavirus%20where%20-what%20-how,coronavirus%20is%20-what%20-where%20-how,coronavirus%20how%20-what%20-where,coronavirus%20do%20-where%20-what%20-how%20-brasil%20-sintomas%20%20-noticias%20-previs%C3%A3o%20-origem%20-cura%20-causa%20-que",All categories,1/15/20 - 3/4/20,Worldwide,how,how coronavirus spread,60,,Yes
"https://trends.google.com/trends/explore?date=2020-01-15%202020-03-04&q=Coronavirus%20what%20-where%20-how,coronavirus%20where%20-what%20-how,coronavirus%20is%20-what%20-where%20-how,coronavirus%20how%20-what%20-where,coronavirus%20do%20-where%20-what%20-how%20-brasil%20-sintomas%20%20-noticias%20-previs%C3%A3o%20-origem%20-cura%20-causa%20-que",All categories,1/15/20 - 3/4/20,Worldwide,how,how many people died from coronavirus,53,,Yes
"https://trends.google.com/trends/explore?date=2020-01-15%202020-03-04&q=Coronavirus%20what%20-where%20-how,coronavirus%20where%20-what%20-how,coronavirus%20is%20-what%20-where%20-how,coronavirus%20how%20-what%20-where,coronavirus%20do%20-where%20-what%20-how%20-brasil%20-sintomas%20%20-noticias%20-previs%C3%A3o%20-origem%20-cura%20-causa%20-que",All categories,1/15/20 - 3/4/20,Worldwide,how,how coronavirus start,50,,Yes
"https://trends.google.com/trends/explore?date=2020-01-15%202020-03-04&q=Coronavirus%20what%20-where%20-how,coronavirus%20where%20-what%20-how,coronavirus%20is%20-what%20-where%20-how,coronavirus%20how%20-what%20-where,coronavirus%20do%20-where%20-what%20-how%20-brasil%20-sintomas%20%20-noticias%20-previs%C3%A3o%20-origem%20-cura%20-causa%20-que",All categories,1/15/20 - 3/4/20,Worldwide,how,how many cases of coronavirus,47,,Yes
"https://trends.google.com/trends/explore?date=2020-01-15%202020-03-04&q=Coronavirus%20what%20-where%20-how,coronavirus%20where%20-what%20-how,coronavirus%20is%20-what%20-where%20-how,coronavirus%20how%20-what%20-where,coronavirus%20do%20-where%20-what%20-how%20-brasil%20-sintomas%20%20-noticias%20-previs%C3%A3o%20-origem%20-cura%20-causa%20-que",All categories,1/15/20 - 3/4/20,Worldwide,how,how did coronavirus start,44,,Yes
"https://trends.google.com/trends/explore?date=2020-01-15%202020-03-04&q=Coronavirus%20what%20-where%20-how,coronavirus%20where%20-what%20-how,coronavirus%20is%20-what%20-where%20-how,coronavirus%20how%20-what%20-where,coronavirus%20do%20-where%20-what%20-how%20-brasil%20-sintomas%20%20-noticias%20-previs%C3%A3o%20-origem%20-cura%20-causa%20-que",All categories,1/15/20 - 3/4/20,Worldwide,how,how many have died from coronavirus,42,,Yes
"https://trends.google.com/trends/explore?date=2020-01-15%202020-03-04&q=Coronavirus%20what%20-where%20-how,coronavirus%20where%20-what%20-how,coronavirus%20is%20-what%20-where%20-how,coronavirus%20how%20-what%20-where,coronavirus%20do%20-where%20-what%20-how%20-brasil%20-sintomas%20%20-noticias%20-previs%C3%A3o%20-origem%20-cura%20-causa%20-que",All categories,1/15/20 - 3/4/20,Worldwide,how,how did the coronavirus,41,,Yes
"https://trends.google.com/trends/explore?date=2020-01-15%202020-03-04&q=Coronavirus%20what%20-where%20-how,coronavirus%20where%20-what%20-how,coronavirus%20is%20-what%20-where%20-how,coronavirus%20how%20-what%20-where,coronavirus%20do%20-where%20-what%20-how%20-brasil%20-sintomas%20%20-noticias%20-previs%C3%A3o%20-origem%20-cura%20-causa%20-que",All categories,1/15/20 - 3/4/20,Worldwide,how,how many people have the coronavirus,41,,Yes
"https://trends.google.com/trends/explore?date=2020-01-15%202020-03-04&q=Coronavirus%20what%20-where%20-how,coronavirus%20where%20-what%20-how,coronavirus%20is%20-what%20-where%20-how,coronavirus%20how%20-what%20-where,coronavirus%20do%20-where%20-what%20-how%20-brasil%20-sintomas%20%20-noticias%20-previs%C3%A3o%20-origem%20-cura%20-causa%20-que",All categories,1/15/20 - 3/4/20,Worldwide,how,how many people have died from coronavirus,36,,Yes
"https://trends.google.com/trends/explore?date=2020-01-15%202020-03-04&q=Coronavirus%20what%20-where%20-how,coronavirus%20where%20-what%20-how,coronavirus%20is%20-what%20-where%20-how,coronavirus%20how%20-what%20-where,coronavirus%20do%20-where%20-what%20-how%20-brasil%20-sintomas%20%20-noticias%20-previs%C3%A3o%20-origem%20-cura%20-causa%20-que",All categories,1/15/20 - 3/4/20,Worldwide,how,how to get coronavirus,30,,Yes
"https://trends.google.com/trends/explore?date=2020-01-15%202020-03-04&q=Coronavirus%20what%20-where%20-how,coronavirus%20where%20-what%20-how,coronavirus%20is%20-what%20-where%20-how,coronavirus%20how%20-what%20-where,coronavirus%20do%20-where%20-what%20-how%20-brasil%20-sintomas%20%20-noticias%20-previs%C3%A3o%20-origem%20-cura%20-causa%20-que",All categories,1/15/20 - 3/4/20,Worldwide,how,how many have coronavirus,,Breakout,Yes
"https://trends.google.com/trends/explore?date=2020-01-15%202020-03-04&q=Coronavirus%20what%20-where%20-how,coronavirus%20where%20-what%20-how,coronavirus%20is%20-what%20-where%20-how,coronavirus%20how%20-what%20-where,coronavirus%20do%20-where%20-what%20-how%20-brasil%20-sintomas%20%20-noticias%20-previs%C3%A3o%20-origem%20-cura%20-causa%20-que",All categories,1/15/20 - 3/4/20,Worldwide,how,how many coronavirus cases,,Breakout,Yes
"https://trends.google.com/trends/explore?date=2020-01-15%202020-03-04&q=Coronavirus%20what%20-where%20-how,coronavirus%20where%20-what%20-how,coronavirus%20is%20-what%20-where%20-how,coronavirus%20how%20-what%20-where,coronavirus%20do%20-where%20-what%20-how%20-brasil%20-sintomas%20%20-noticias%20-previs%C3%A3o%20-origem%20-cura%20-causa%20-que",All categories,1/15/20 - 3/4/20,Worldwide,how,how many people have coronavirus,,Breakout,Yes
"https://trends.google.com/trends/explore?date=2020-01-15%202020-03-04&q=Coronavirus%20what%20-where%20-how,coronavirus%20where%20-what%20-how,coronavirus%20is%20-what%20-where%20-how,coronavirus%20how%20-what%20-where,coronavirus%20do%20-where%20-what%20-how%20-brasil%20-sintomas%20%20-noticias%20-previs%C3%A3o%20-origem%20-cura%20-causa%20-que",All categories,1/15/20 - 3/4/20,Worldwide,how,how many people died coronavirus,,Breakout,Yes
"https://trends.google.com/trends/explore?date=2020-01-15%202020-03-04&q=Coronavirus%20what%20-where%20-how,coronavirus%20where%20-what%20-how,coronavirus%20is%20-what%20-where%20-how,coronavirus%20how%20-what%20-where,coronavirus%20do%20-where%20-what%20-how%20-brasil%20-sintomas%20%20-noticias%20-previs%C3%A3o%20-origem%20-cura%20-causa%20-que",All categories,1/15/20 - 3/4/20,Worldwide,how,how many died from coronavirus,,Breakout,Yes
"https://trends.google.com/trends/explore?date=2020-01-15%202020-03-04&q=Coronavirus%20what%20-where%20-how,coronavirus%20where%20-what%20-how,coronavirus%20is%20-what%20-where%20-how,coronavirus%20how%20-what%20-where,coronavirus%20do%20-where%20-what%20-how%20-brasil%20-sintomas%20%20-noticias%20-previs%C3%A3o%20-origem%20-cura%20-causa%20-que",All categories,1/15/20 - 3/4/20,Worldwide,how,how coronavirus spread,,Breakout,Yes
"https://trends.google.com/trends/explore?date=2020-01-15%202020-03-04&q=Coronavirus%20what%20-where%20-how,coronavirus%20where%20-what%20-how,coronavirus%20is%20-what%20-where%20-how,coronavirus%20how%20-what%20-where,coronavirus%20do%20-where%20-what%20-how%20-brasil%20-sintomas%20%20-noticias%20-previs%C3%A3o%20-origem%20-cura%20-causa%20-que",All categories,1/15/20 - 3/4/20,Worldwide,how,how many people died from coronavirus,,Breakout,Yes
"https://trends.google.com/trends/explore?date=2020-01-15%202020-03-04&q=Coronavirus%20what%20-where%20-how,coronavirus%20where%20-what%20-how,coronavirus%20is%20-what%20-where%20-how,coronavirus%20how%20-what%20-where,coronavirus%20do%20-where%20-what%20-how%20-brasil%20-sintomas%20%20-noticias%20-previs%C3%A3o%20-origem%20-cura%20-causa%20-que",All categories,1/15/20 - 3/4/20,Worldwide,how,how coronavirus start,,Breakout,Yes
"https://trends.google.com/trends/explore?date=2020-01-15%202020-03-04&q=Coronavirus%20what%20-where%20-how,coronavirus%20where%20-what%20-how,coronavirus%20is%20-what%20-where%20-how,coronavirus%20how%20-what%20-where,coronavirus%20do%20-where%20-what%20-how%20-brasil%20-sintomas%20%20-noticias%20-previs%C3%A3o%20-origem%20-cura%20-causa%20-que",All categories,1/15/20 - 3/4/20,Worldwide,how,how many cases of coronavirus,,Breakout,Yes
"https://trends.google.com/trends/explore?date=2020-01-15%202020-03-04&q=Coronavirus%20what%20-where%20-how,coronavirus%20where%20-what%20-how,coronavirus%20is%20-what%20-where%20-how,coronavirus%20how%20-what%20-where,coronavirus%20do%20-where%20-what%20-how%20-brasil%20-sintomas%20%20-noticias%20-previs%C3%A3o%20-origem%20-cura%20-causa%20-que",All categories,1/15/20 - 3/4/20,Worldwide,how,how did coronavirus start,,Breakout,Yes
"https://trends.google.com/trends/explore?date=2020-01-15%202020-03-04&q=Coronavirus%20what%20-where%20-how,coronavirus%20where%20-what%20-how,coronavirus%20is%20-what%20-where%20-how,coronavirus%20how%20-what%20-where,coronavirus%20do%20-where%20-what%20-how%20-brasil%20-sintomas%20%20-noticias%20-previs%C3%A3o%20-origem%20-cura%20-causa%20-que",All categories,1/15/20 - 3/4/20,Worldwide,how,how many have died from coronavirus,,Breakout,Yes
"https://trends.google.com/trends/explore?date=2020-01-15%202020-03-04&q=Coronavirus%20what%20-where%20-how,coronavirus%20where%20-what%20-how,coronavirus%20is%20-what%20-where%20-how,coronavirus%20how%20-what%20-where,coronavirus%20do%20-where%20-what%20-how%20-brasil%20-sintomas%20%20-noticias%20-previs%C3%A3o%20-origem%20-cura%20-causa%20-que",All categories,1/15/20 - 3/4/20,Worldwide,how,how did the coronavirus,,Breakout,Yes
"https://trends.google.com/trends/explore?date=2020-01-15%202020-03-04&q=Coronavirus%20what%20-where%20-how,coronavirus%20where%20-what%20-how,coronavirus%20is%20-what%20-where%20-how,coronavirus%20how%20-what%20-where,coronavirus%20do%20-where%20-what%20-how%20-brasil%20-sintomas%20%20-noticias%20-previs%C3%A3o%20-origem%20-cura%20-causa%20-que",All categories,1/15/20 - 3/4/20,Worldwide,how,how many people have the coronavirus,,Breakout,Yes
"https://trends.google.com/trends/explore?date=2020-01-15%202020-03-04&q=Coronavirus%20what%20-where%20-how,coronavirus%20where%20-what%20-how,coronavirus%20is%20-what%20-where%20-how,coronavirus%20how%20-what%20-where,coronavirus%20do%20-where%20-what%20-how%20-brasil%20-sintomas%20%20-noticias%20-previs%C3%A3o%20-origem%20-cura%20-causa%20-que",All categories,1/15/20 - 3/4/20,Worldwide,how,how many people have died from coronavirus,,Breakout,Yes
"https://trends.google.com/trends/explore?date=2020-01-15%202020-03-04&q=Coronavirus%20what%20-where%20-how,coronavirus%20where%20-what%20-how,coronavirus%20is%20-what%20-where%20-how,coronavirus%20how%20-what%20-where,coronavirus%20do%20-where%20-what%20-how%20-brasil%20-sintomas%20%20-noticias%20-previs%C3%A3o%20-origem%20-cura%20-causa%20-que",All categories,1/15/20 - 3/4/20,Worldwide,do,do i have coronavirus,68,,Yes
"https://trends.google.com/trends/explore?date=2020-01-15%202020-03-04&q=Coronavirus%20what%20-where%20-how,coronavirus%20where%20-what%20-how,coronavirus%20is%20-what%20-where%20-how,coronavirus%20how%20-what%20-where,coronavirus%20do%20-where%20-what%20-how%20-brasil%20-sintomas%20%20-noticias%20-previs%C3%A3o%20-origem%20-cura%20-causa%20-que",All categories,1/15/20 - 3/4/20,Worldwide,do,do masks help coronavirus,18,,Yes
"https://trends.google.com/trends/explore?date=2020-01-15%202020-03-04&q=Coronavirus%20what%20-where%20-how,coronavirus%20where%20-what%20-how,coronavirus%20is%20-what%20-where%20-how,coronavirus%20how%20-what%20-where,coronavirus%20do%20-where%20-what%20-how%20-brasil%20-sintomas%20%20-noticias%20-previs%C3%A3o%20-origem%20-cura%20-causa%20-que",All categories,1/15/20 - 3/4/20,Worldwide,do,do masks work coronavirus,17,,Yes
"https://trends.google.com/trends/explore?date=2020-01-15%202020-03-04&q=Coronavirus%20what%20-where%20-how,coronavirus%20where%20-what%20-how,coronavirus%20is%20-what%20-where%20-how,coronavirus%20how%20-what%20-where,coronavirus%20do%20-where%20-what%20-how%20-brasil%20-sintomas%20%20-noticias%20-previs%C3%A3o%20-origem%20-cura%20-causa%20-que",All categories,1/15/20 - 3/4/20,Worldwide,do,do i have the coronavirus,17,,Yes
"https://trends.google.com/trends/explore?date=2020-01-15%202020-03-04&q=Coronavirus%20what%20-where%20-how,coronavirus%20where%20-what%20-how,coronavirus%20is%20-what%20-where%20-how,coronavirus%20how%20-what%20-where,coronavirus%20do%20-where%20-what%20-how%20-brasil%20-sintomas%20%20-noticias%20-previs%C3%A3o%20-origem%20-cura%20-causa%20-que",All categories,1/15/20 - 3/4/20,Worldwide,do,do masks prevent coronavirus,15,,Yes
"https://trends.google.com/trends/explore?date=2020-01-15%202020-03-04&q=Coronavirus%20what%20-where%20-how,coronavirus%20where%20-what%20-how,coronavirus%20is%20-what%20-where%20-how,coronavirus%20how%20-what%20-where,coronavirus%20do%20-where%20-what%20-how%20-brasil%20-sintomas%20%20-noticias%20-previs%C3%A3o%20-origem%20-cura%20-causa%20-que",All categories,1/15/20 - 3/4/20,Worldwide,do,do i have coronavirus,,Breakout,Yes
"https://trends.google.com/trends/explore?date=2020-01-15%202020-03-04&q=Coronavirus%20what%20-where%20-how,coronavirus%20where%20-what%20-how,coronavirus%20is%20-what%20-where%20-how,coronavirus%20how%20-what%20-where,coronavirus%20do%20-where%20-what%20-how%20-brasil%20-sintomas%20%20-noticias%20-previs%C3%A3o%20-origem%20-cura%20-causa%20-que",All categories,1/15/20 - 3/4/20,Worldwide,do,do masks help coronavirus,,Breakout,Yes
"https://trends.google.com/trends/explore?date=2020-01-15%202020-03-04&q=Coronavirus%20what%20-where%20-how,coronavirus%20where%20-what%20-how,coronavirus%20is%20-what%20-where%20-how,coronavirus%20how%20-what%20-where,coronavirus%20do%20-where%20-what%20-how%20-brasil%20-sintomas%20%20-noticias%20-previs%C3%A3o%20-origem%20-cura%20-causa%20-que",All categories,1/15/20 - 3/4/20,Worldwide,do,do masks work coronavirus,,Breakout,Yes
"https://trends.google.com/trends/explore?date=2020-01-15%202020-03-04&q=Coronavirus%20what%20-where%20-how,coronavirus%20where%20-what%20-how,coronavirus%20is%20-what%20-where%20-how,coronavirus%20how%20-what%20-where,coronavirus%20do%20-where%20-what%20-how%20-brasil%20-sintomas%20%20-noticias%20-previs%C3%A3o%20-origem%20-cura%20-causa%20-que",All categories,1/15/20 - 3/4/20,Worldwide,do,do i have the coronavirus,,Breakout,Yes
"https://trends.google.com/trends/explore?date=2020-01-15%202020-03-04&q=Coronavirus%20what%20-where%20-how,coronavirus%20where%20-what%20-how,coronavirus%20is%20-what%20-where%20-how,coronavirus%20how%20-what%20-where,coronavirus%20do%20-where%20-what%20-how%20-brasil%20-sintomas%20%20-noticias%20-previs%C3%A3o%20-origem%20-cura%20-causa%20-que",All categories,1/15/20 - 3/4/20,Worldwide,do,do masks prevent coronavirus,,Breakout,Yes